{"initial_reset_timestamp": 1545935972.007753, "timestamps": [1545935972.0685382, 1545935972.113423, 1545935972.1901639, 1545935972.2602398, 1545935972.317312, 1545935972.378701, 1545935972.418101, 1545935972.486929, 1545935972.548589, 1545935972.615766, 1545935972.731008, 1545935972.795991, 1545935972.856132, 1545935972.919093, 1545935972.984651, 1545935973.027935, 1545935973.091302, 1545935973.129796, 1545935973.1710138, 1545935973.2325308, 1545935973.294297, 1545935973.375794, 1545935973.437133, 1545935973.499747, 1545935973.541591, 1545935973.603334, 1545935973.70849, 1545935973.780341, 1545935973.85054, 1545935973.931225, 1545935974.007086, 1545935974.07667, 1545935974.120859, 1545935974.162081, 1545935974.204944, 1545935974.2504902, 1545935974.2950451, 1545935974.4579031, 1545935974.522909, 1545935974.6228008, 1545935974.682337, 1545935974.747852, 1545935974.847081, 1545935974.922648, 1545935974.987676, 1545935975.124923, 1545935975.266973, 1545935975.386295, 1545935975.44133, 1545935975.52975, 1545935975.588753, 1545935975.6938188, 1545935975.786079, 1545935975.869971, 1545935975.926877, 1545935976.008276, 1545935976.095656, 1545935976.180914, 1545935976.287869, 1545935976.403876, 1545935976.483361, 1545935976.540694, 1545935976.612106, 1545935976.6894379, 1545935976.7869859, 1545935976.8709319, 1545935976.981, 1545935977.039277, 1545935977.093299, 1545935977.152441, 1545935977.243485, 1545935977.326725, 1545935977.425028, 1545935977.514315, 1545935977.598044, 1545935977.680953, 1545935977.7632189, 1545935977.849932, 1545935977.931534, 1545935978.011901, 1545935978.066804, 1545935978.145445, 1545935978.194572, 1545935978.2757099, 1545935978.354063, 1545935978.4327092, 1545935978.512196, 1545935978.5678458, 1545935978.648076, 1545935978.701538, 1545935978.781465, 1545935978.861093, 1545935978.940819, 1545935978.995283, 1545935979.0678341, 1545935979.1462998, 1545935979.224315, 1545935979.2768, 1545935979.3555148, 1545935979.437901], "episode_lengths": [60, 60, 120, 90, 90, 90, 60, 90, 90, 90, 120, 90, 90, 90, 90, 60, 90, 60, 60, 90, 90, 120, 90, 90, 60, 90, 120, 90, 90, 90, 90, 90, 60, 60, 60, 60, 60, 90, 60, 90, 60, 60, 90, 60, 60, 120, 90, 90, 60, 90, 60, 90, 90, 90, 60, 90, 90, 90, 90, 90, 90, 60, 60, 60, 90, 90, 90, 60, 60, 60, 90, 90, 90, 90, 90, 90, 90, 90, 90, 90, 60, 90, 60, 90, 90, 90, 90, 60, 90, 60, 90, 90, 90, 60, 90, 90, 90, 60, 90, 90], "episode_rewards": [7944.0, 7542.0, 23654.0, 15774.0, 14805.0, 14753.0, 7472.0, 16758.0, 15366.0, 15139.0, 23592.0, 15819.0, 15730.0, 14919.0, 14633.0, 7489.0, 14588.0, 7563.0, 7598.0, 16006.0, 16998.0, 24827.0, 14746.0, 15088.0, 7433.0, 15793.0, 23487.0, 15054.0, 14857.0, 17570.0, 14897.0, 15323.0, 7443.0, 7351.0, 7773.0, 7862.0, 9760.0, 14903.0, 7313.0, 16582.0, 8016.0, 7886.0, 14698.0, 7902.0, 7549.0, 24006.0, 16083.0, 15168.0, 7585.0, 14563.0, 7545.0, 14969.0, 16099.0, 15598.0, 7341.0, 14864.0, 15457.0, 14689.0, 15050.0, 14768.0, 14623.0, 7422.0, 7687.0, 7405.0, 17384.0, 15112.0, 15358.0, 7402.0, 7528.0, 7797.0, 17077.0, 14686.0, 15934.0, 15231.0, 15336.0, 14813.0, 15380.0, 15652.0, 16472.0, 14721.0, 7913.0, 14523.0, 7411.0, 14729.0, 14648.0, 14940.0, 14992.0, 7412.0, 17740.0, 7362.0, 14856.0, 15051.0, 14746.0, 7548.0, 14911.0, 15374.0, 15404.0, 7529.0, 15475.0, 14643.0], "episode_types": ["t", "t", "t", "t", "t", "t", "t", "t", "t", "t", "t", "t", "t", "t", "t", "t", "t", "t", "t", "t", "t", "t", "t", "t", "t", "t", "t", "t", "t", "t", "t", "t", "t", "t", "t", "t", "t", "t", "t", "t", "t", "t", "t", "t", "t", "t", "t", "t", "t", "t", "t", "t", "t", "t", "t", "t", "t", "t", "t", "t", "t", "t", "t", "t", "t", "t", "t", "t", "t", "t", "t", "t", "t", "t", "t", "t", "t", "t", "t", "t", "t", "t", "t", "t", "t", "t", "t", "t", "t", "t", "t", "t", "t", "t", "t", "t", "t", "t", "t", "t"]}